-- [ GROUPS ]
INSERT INTO school.groups (group_id, group_name) VALUES (1, 'JA-10');
INSERT INTO school.groups (group_id, group_name) VALUES (2, 'GQ-55');
INSERT INTO school.groups (group_id, group_name) VALUES (3, 'LY-68');
INSERT INTO school.groups (group_id, group_name) VALUES (4, 'WY-24');
INSERT INTO school.groups (group_id, group_name) VALUES (5, 'OY-62');
INSERT INTO school.groups (group_id, group_name) VALUES (6, 'UJ-40');
INSERT INTO school.groups (group_id, group_name) VALUES (7, 'OQ-98');
INSERT INTO school.groups (group_id, group_name) VALUES (8, 'JP-59');
INSERT INTO school.groups (group_id, group_name) VALUES (9, 'WB-83');
INSERT INTO school.groups (group_id, group_name) VALUES (10, 'IG-48');

-- [ COURSES ]
INSERT INTO school.courses (course_id, course_name, course_description) VALUES (1, 'Computer science', 'Subject Computer science');
INSERT INTO school.courses (course_id, course_name, course_description) VALUES (2, 'Economics', 'Subject Economics');
INSERT INTO school.courses (course_id, course_name, course_description) VALUES (3, 'Chemistry', 'Subject Chemistry');
INSERT INTO school.courses (course_id, course_name, course_description) VALUES (4, 'Literature', 'Subject Literature');
INSERT INTO school.courses (course_id, course_name, course_description) VALUES (5, 'Music', 'Subject Music');
INSERT INTO school.courses (course_id, course_name, course_description) VALUES (6, 'Botany', 'Subject Botany');
INSERT INTO school.courses (course_id, course_name, course_description) VALUES (7, 'Biology', 'Subject Biology');
INSERT INTO school.courses (course_id, course_name, course_description) VALUES (8, 'Math', 'Subject Math');
INSERT INTO school.courses (course_id, course_name, course_description) VALUES (9, 'History', 'Subject History');
INSERT INTO school.courses (course_id, course_name, course_description) VALUES (10, 'Astronomy', 'Subject Astronomy');

-- [ STUDENTS ]
INSERT INTO school.students (student_id, group_id, first_name, last_name) VALUES (1, 1, 'James', 'Hill');
INSERT INTO school.students (student_id, group_id, first_name, last_name) VALUES (2, 1, 'Oscar', 'Baker');
INSERT INTO school.students (student_id, group_id, first_name, last_name) VALUES (3, 1, 'William', 'Walker');
INSERT INTO school.students (student_id, group_id, first_name, last_name) VALUES (4, 1, 'Isabella', 'King');
INSERT INTO school.students (student_id, group_id, first_name, last_name) VALUES (5, 1, 'William', 'Morgan');
INSERT INTO school.students (student_id, group_id, first_name, last_name) VALUES (6, 1, 'Amelia', 'Morgan');
INSERT INTO school.students (student_id, group_id, first_name, last_name) VALUES (7, 1, 'Ava', 'Turner');
INSERT INTO school.students (student_id, group_id, first_name, last_name) VALUES (8, 1, 'Jacob', 'Edwards');
INSERT INTO school.students (student_id, group_id, first_name, last_name) VALUES (9, 1, 'Harry', 'Cooper');
INSERT INTO school.students (student_id, group_id, first_name, last_name) VALUES (10, 1, 'Jack', 'Thomas');
INSERT INTO school.students (student_id, group_id, first_name, last_name) VALUES (11, 1, 'Jacob', 'Baker');
INSERT INTO school.students (student_id, group_id, first_name, last_name) VALUES (12, 1, 'Sophie', 'Harris');
INSERT INTO school.students (student_id, group_id, first_name, last_name) VALUES (13, 1, 'Thomas', 'Scott');
INSERT INTO school.students (student_id, group_id, first_name, last_name) VALUES (14, 1, 'Sophie', 'Thompson');
INSERT INTO school.students (student_id, group_id, first_name, last_name) VALUES (15, 1, 'Emily', 'Hill');
INSERT INTO school.students (student_id, group_id, first_name, last_name) VALUES (16, 1, 'Emily', 'Anderson');
INSERT INTO school.students (student_id, group_id, first_name, last_name) VALUES (17, 1, 'Oliver', 'Thompson');
INSERT INTO school.students (student_id, group_id, first_name, last_name) VALUES (18, 1, 'Thomas', 'Anderson');
INSERT INTO school.students (student_id, group_id, first_name, last_name) VALUES (19, 1, 'Jacob', 'Green');
INSERT INTO school.students (student_id, group_id, first_name, last_name) VALUES (20, 1, 'Sophie', 'Phillips');
INSERT INTO school.students (student_id, group_id, first_name, last_name) VALUES (21, 1, 'Jessica', 'Wood');
INSERT INTO school.students (student_id, group_id, first_name, last_name) VALUES (22, 1, 'Jacob', 'Morgan');
INSERT INTO school.students (student_id, group_id, first_name, last_name) VALUES (23, 1, 'Harry', 'Baker');
INSERT INTO school.students (student_id, group_id, first_name, last_name) VALUES (24, 1, 'George', 'Baker');
INSERT INTO school.students (student_id, group_id, first_name, last_name) VALUES (25, 1, 'Jacob', 'Jackson');
INSERT INTO school.students (student_id, group_id, first_name, last_name) VALUES (26, 2, 'Charlie', 'Jackson');
INSERT INTO school.students (student_id, group_id, first_name, last_name) VALUES (27, 2, 'Jacob', 'Jackson');
INSERT INTO school.students (student_id, group_id, first_name, last_name) VALUES (28, 2, 'Olivia', 'Green');
INSERT INTO school.students (student_id, group_id, first_name, last_name) VALUES (29, 2, 'Jessica', 'Thompson');
INSERT INTO school.students (student_id, group_id, first_name, last_name) VALUES (30, 2, 'Harry', 'Anderson');
INSERT INTO school.students (student_id, group_id, first_name, last_name) VALUES (31, 2, 'Ruby', 'Morgan');
INSERT INTO school.students (student_id, group_id, first_name, last_name) VALUES (32, 2, 'Mia', 'Walker');
INSERT INTO school.students (student_id, group_id, first_name, last_name) VALUES (33, 2, 'William', 'Baker');
INSERT INTO school.students (student_id, group_id, first_name, last_name) VALUES (34, 2, 'Isabella', 'Morgan');
INSERT INTO school.students (student_id, group_id, first_name, last_name) VALUES (35, 2, 'Ava', 'Hill');
INSERT INTO school.students (student_id, group_id, first_name, last_name) VALUES (36, 2, 'Jacob', 'Morgan');
INSERT INTO school.students (student_id, group_id, first_name, last_name) VALUES (37, 2, 'Mia', 'White');
INSERT INTO school.students (student_id, group_id, first_name, last_name) VALUES (38, 2, 'Charlie', 'Phillips');
INSERT INTO school.students (student_id, group_id, first_name, last_name) VALUES (39, 2, 'Olivia', 'Hill');
INSERT INTO school.students (student_id, group_id, first_name, last_name) VALUES (40, 2, 'Harry', 'Thomas');
INSERT INTO school.students (student_id, group_id, first_name, last_name) VALUES (41, 2, 'Mia', 'Turner');
INSERT INTO school.students (student_id, group_id, first_name, last_name) VALUES (42, 2, 'Oliver', 'Phillips');
INSERT INTO school.students (student_id, group_id, first_name, last_name) VALUES (43, 2, 'Mia', 'Morgan');
INSERT INTO school.students (student_id, group_id, first_name, last_name) VALUES (44, 2, 'Olivia', 'White');
INSERT INTO school.students (student_id, group_id, first_name, last_name) VALUES (45, 2, 'Oliver', 'Thompson');
INSERT INTO school.students (student_id, group_id, first_name, last_name) VALUES (46, 2, 'Ava', 'Jackson');
INSERT INTO school.students (student_id, group_id, first_name, last_name) VALUES (47, 2, 'Isabella', 'Thomas');
INSERT INTO school.students (student_id, group_id, first_name, last_name) VALUES (48, 2, 'Oliver', 'Thompson');
INSERT INTO school.students (student_id, group_id, first_name, last_name) VALUES (49, 2, 'Jack', 'Martin');
INSERT INTO school.students (student_id, group_id, first_name, last_name) VALUES (50, 2, 'Thomas', 'White');
INSERT INTO school.students (student_id, group_id, first_name, last_name) VALUES (51, 2, 'Isabella', 'Martin');
INSERT INTO school.students (student_id, group_id, first_name, last_name) VALUES (52, 3, 'Emily', 'Jackson');
INSERT INTO school.students (student_id, group_id, first_name, last_name) VALUES (53, 3, 'Charlie', 'Harris');
INSERT INTO school.students (student_id, group_id, first_name, last_name) VALUES (54, 3, 'Amelia', 'Jackson');
INSERT INTO school.students (student_id, group_id, first_name, last_name) VALUES (55, 3, 'Oliver', 'Phillips');
INSERT INTO school.students (student_id, group_id, first_name, last_name) VALUES (56, 3, 'Amelia', 'White');
INSERT INTO school.students (student_id, group_id, first_name, last_name) VALUES (57, 3, 'Jacob', 'Jackson');
INSERT INTO school.students (student_id, group_id, first_name, last_name) VALUES (58, 3, 'Olivia', 'Lewis');
INSERT INTO school.students (student_id, group_id, first_name, last_name) VALUES (59, 3, 'Emily', 'White');
INSERT INTO school.students (student_id, group_id, first_name, last_name) VALUES (60, 3, 'William', 'Lewis');
INSERT INTO school.students (student_id, group_id, first_name, last_name) VALUES (61, 3, 'Sophie', 'Martin');
INSERT INTO school.students (student_id, group_id, first_name, last_name) VALUES (62, 3, 'George', 'Cooper');
INSERT INTO school.students (student_id, group_id, first_name, last_name) VALUES (63, 3, 'Ruby', 'Edwards');
INSERT INTO school.students (student_id, group_id, first_name, last_name) VALUES (64, 3, 'William', 'Wood');
INSERT INTO school.students (student_id, group_id, first_name, last_name) VALUES (65, 3, 'Sophie', 'Scott');
INSERT INTO school.students (student_id, group_id, first_name, last_name) VALUES (66, 3, 'Harry', 'Green');
INSERT INTO school.students (student_id, group_id, first_name, last_name) VALUES (67, 3, 'Lily', 'Turner');
INSERT INTO school.students (student_id, group_id, first_name, last_name) VALUES (68, 4, 'Oliver', 'Morgan');
INSERT INTO school.students (student_id, group_id, first_name, last_name) VALUES (69, 4, 'Harry', 'Thomas');
INSERT INTO school.students (student_id, group_id, first_name, last_name) VALUES (70, 4, 'Sophie', 'Harris');
INSERT INTO school.students (student_id, group_id, first_name, last_name) VALUES (71, 4, 'Thomas', 'Thompson');
INSERT INTO school.students (student_id, group_id, first_name, last_name) VALUES (72, 4, 'Amelia', 'Turner');
INSERT INTO school.students (student_id, group_id, first_name, last_name) VALUES (73, 4, 'George', 'Harris');
INSERT INTO school.students (student_id, group_id, first_name, last_name) VALUES (74, 4, 'Jessica', 'Cooper');
INSERT INTO school.students (student_id, group_id, first_name, last_name) VALUES (75, 4, 'William', 'Jackson');
INSERT INTO school.students (student_id, group_id, first_name, last_name) VALUES (76, 4, 'Isabella', 'Scott');
INSERT INTO school.students (student_id, group_id, first_name, last_name) VALUES (77, 4, 'Ruby', 'Phillips');
INSERT INTO school.students (student_id, group_id, first_name, last_name) VALUES (78, 4, 'Thomas', 'Edwards');
INSERT INTO school.students (student_id, group_id, first_name, last_name) VALUES (79, 4, 'Jessica', 'Baker');
INSERT INTO school.students (student_id, group_id, first_name, last_name) VALUES (80, 4, 'Sophie', 'Hill');
INSERT INTO school.students (student_id, group_id, first_name, last_name) VALUES (81, 4, 'Jacob', 'Martin');
INSERT INTO school.students (student_id, group_id, first_name, last_name) VALUES (82, 5, 'James', 'White');
INSERT INTO school.students (student_id, group_id, first_name, last_name) VALUES (83, 5, 'Jacob', 'Morgan');
INSERT INTO school.students (student_id, group_id, first_name, last_name) VALUES (84, 5, 'Jessica', 'Phillips');
INSERT INTO school.students (student_id, group_id, first_name, last_name) VALUES (85, 5, 'Sophie', 'Lewis');
INSERT INTO school.students (student_id, group_id, first_name, last_name) VALUES (86, 5, 'Mia', 'Morgan');
INSERT INTO school.students (student_id, group_id, first_name, last_name) VALUES (87, 5, 'Ruby', 'Hill');
INSERT INTO school.students (student_id, group_id, first_name, last_name) VALUES (88, 5, 'Ava', 'Anderson');
INSERT INTO school.students (student_id, group_id, first_name, last_name) VALUES (89, 5, 'Ava', 'Phillips');
INSERT INTO school.students (student_id, group_id, first_name, last_name) VALUES (90, 5, 'Jack', 'Phillips');
INSERT INTO school.students (student_id, group_id, first_name, last_name) VALUES (91, 5, 'Emily', 'Thomas');
INSERT INTO school.students (student_id, group_id, first_name, last_name) VALUES (92, 5, 'James', 'King');
INSERT INTO school.students (student_id, group_id, first_name, last_name) VALUES (93, 5, 'Emily', 'Morgan');
INSERT INTO school.students (student_id, group_id, first_name, last_name) VALUES (94, 5, 'Lily', 'Anderson');
INSERT INTO school.students (student_id, group_id, first_name, last_name) VALUES (95, 5, 'George', 'Jackson');
INSERT INTO school.students (student_id, group_id, first_name, last_name) VALUES (96, 5, 'Ruby', 'Thompson');
INSERT INTO school.students (student_id, group_id, first_name, last_name) VALUES (97, 5, 'Oliver', 'Lewis');
INSERT INTO school.students (student_id, group_id, first_name, last_name) VALUES (98, 5, 'George', 'Thomas');
INSERT INTO school.students (student_id, group_id, first_name, last_name) VALUES (99, 5, 'Jessica', 'Turner');
INSERT INTO school.students (student_id, group_id, first_name, last_name) VALUES (100, 5, 'Oscar', 'King');
INSERT INTO school.students (student_id, group_id, first_name, last_name) VALUES (101, 5, 'George', 'Lewis');
INSERT INTO school.students (student_id, group_id, first_name, last_name) VALUES (102, 5, 'James', 'Anderson');
INSERT INTO school.students (student_id, group_id, first_name, last_name) VALUES (103, 6, 'William', 'Harris');
INSERT INTO school.students (student_id, group_id, first_name, last_name) VALUES (104, 6, 'Emily', 'Turner');
INSERT INTO school.students (student_id, group_id, first_name, last_name) VALUES (105, 6, 'Sophie', 'Green');
INSERT INTO school.students (student_id, group_id, first_name, last_name) VALUES (106, 6, 'Emily', 'Walker');
INSERT INTO school.students (student_id, group_id, first_name, last_name) VALUES (107, 6, 'Ruby', 'Walker');
INSERT INTO school.students (student_id, group_id, first_name, last_name) VALUES (108, 6, 'Sophie', 'Thomas');
INSERT INTO school.students (student_id, group_id, first_name, last_name) VALUES (109, 6, 'Jack', 'Turner');
INSERT INTO school.students (student_id, group_id, first_name, last_name) VALUES (110, 6, 'George', 'Turner');
INSERT INTO school.students (student_id, group_id, first_name, last_name) VALUES (111, 6, 'Jack', 'Lewis');
INSERT INTO school.students (student_id, group_id, first_name, last_name) VALUES (112, 6, 'Ruby', 'Walker');
INSERT INTO school.students (student_id, group_id, first_name, last_name) VALUES (113, 6, 'William', 'Green');
INSERT INTO school.students (student_id, group_id, first_name, last_name) VALUES (114, 6, 'Isabella', 'Green');
INSERT INTO school.students (student_id, group_id, first_name, last_name) VALUES (115, 6, 'Sophie', 'Lewis');
INSERT INTO school.students (student_id, group_id, first_name, last_name) VALUES (116, 6, 'Sophie', 'White');
INSERT INTO school.students (student_id, group_id, first_name, last_name) VALUES (117, 6, 'Ava', 'Morgan');
INSERT INTO school.students (student_id, group_id, first_name, last_name) VALUES (118, 6, 'Amelia', 'King');
INSERT INTO school.students (student_id, group_id, first_name, last_name) VALUES (119, 6, 'James', 'Cooper');
INSERT INTO school.students (student_id, group_id, first_name, last_name) VALUES (120, 6, 'Jack', 'Morgan');
INSERT INTO school.students (student_id, group_id, first_name, last_name) VALUES (121, 7, 'Sophie', 'King');
INSERT INTO school.students (student_id, group_id, first_name, last_name) VALUES (122, 7, 'Oscar', 'Wood');
INSERT INTO school.students (student_id, group_id, first_name, last_name) VALUES (123, 7, 'Jack', 'Walker');
INSERT INTO school.students (student_id, group_id, first_name, last_name) VALUES (124, 7, 'Oscar', 'Scott');
INSERT INTO school.students (student_id, group_id, first_name, last_name) VALUES (125, 7, 'William', 'Edwards');
INSERT INTO school.students (student_id, group_id, first_name, last_name) VALUES (126, 7, 'Charlie', 'Turner');
INSERT INTO school.students (student_id, group_id, first_name, last_name) VALUES (127, 7, 'James', 'White');
INSERT INTO school.students (student_id, group_id, first_name, last_name) VALUES (128, 7, 'Olivia', 'Harris');
INSERT INTO school.students (student_id, group_id, first_name, last_name) VALUES (129, 7, 'Ava', 'White');
INSERT INTO school.students (student_id, group_id, first_name, last_name) VALUES (130, 7, 'Oscar', 'Edwards');
INSERT INTO school.students (student_id, group_id, first_name, last_name) VALUES (131, 7, 'Mia', 'Green');
INSERT INTO school.students (student_id, group_id, first_name, last_name) VALUES (132, 7, 'Mia', 'Anderson');
INSERT INTO school.students (student_id, group_id, first_name, last_name) VALUES (133, 7, 'Amelia', 'Thompson');
INSERT INTO school.students (student_id, group_id, first_name, last_name) VALUES (134, 7, 'William', 'Thompson');
INSERT INTO school.students (student_id, group_id, first_name, last_name) VALUES (135, 7, 'George', 'Green');
INSERT INTO school.students (student_id, group_id, first_name, last_name) VALUES (136, 7, 'Harry', 'Cooper');
INSERT INTO school.students (student_id, group_id, first_name, last_name) VALUES (137, 7, 'Thomas', 'Wood');
INSERT INTO school.students (student_id, group_id, first_name, last_name) VALUES (138, 7, 'James', 'Walker');
INSERT INTO school.students (student_id, group_id, first_name, last_name) VALUES (139, 7, 'James', 'Martin');
INSERT INTO school.students (student_id, group_id, first_name, last_name) VALUES (140, 7, 'Isabella', 'Green');
INSERT INTO school.students (student_id, group_id, first_name, last_name) VALUES (141, 7, 'Harry', 'Wood');
INSERT INTO school.students (student_id, group_id, first_name, last_name) VALUES (142, 7, 'Jacob', 'Scott');
INSERT INTO school.students (student_id, group_id, first_name, last_name) VALUES (143, 7, 'Thomas', 'Green');
INSERT INTO school.students (student_id, group_id, first_name, last_name) VALUES (144, 7, 'George', 'Phillips');
INSERT INTO school.students (student_id, group_id, first_name, last_name) VALUES (145, 7, 'Amelia', 'Thompson');
INSERT INTO school.students (student_id, group_id, first_name, last_name) VALUES (146, 7, 'Charlie', 'Walker');
INSERT INTO school.students (student_id, group_id, first_name, last_name) VALUES (147, 8, 'James', 'Thompson');
INSERT INTO school.students (student_id, group_id, first_name, last_name) VALUES (148, 8, 'Emily', 'Jackson');
INSERT INTO school.students (student_id, group_id, first_name, last_name) VALUES (149, 8, 'Mia', 'Green');
INSERT INTO school.students (student_id, group_id, first_name, last_name) VALUES (150, 8, 'Oscar', 'Phillips');
INSERT INTO school.students (student_id, group_id, first_name, last_name) VALUES (151, 8, 'Lily', 'Thomas');
INSERT INTO school.students (student_id, group_id, first_name, last_name) VALUES (152, 8, 'Lily', 'Jackson');
INSERT INTO school.students (student_id, group_id, first_name, last_name) VALUES (153, 8, 'Amelia', 'Cooper');
INSERT INTO school.students (student_id, group_id, first_name, last_name) VALUES (154, 8, 'Ruby', 'Green');
INSERT INTO school.students (student_id, group_id, first_name, last_name) VALUES (155, 8, 'George', 'Edwards');
INSERT INTO school.students (student_id, group_id, first_name, last_name) VALUES (156, 8, 'Thomas', 'Scott');
INSERT INTO school.students (student_id, group_id, first_name, last_name) VALUES (157, 8, 'Jacob', 'Wood');
INSERT INTO school.students (student_id, group_id, first_name, last_name) VALUES (158, 8, 'Sophie', 'Wood');
INSERT INTO school.students (student_id, group_id, first_name, last_name) VALUES (159, 8, 'James', 'Hill');
INSERT INTO school.students (student_id, group_id, first_name, last_name) VALUES (160, 8, 'Sophie', 'Scott');
INSERT INTO school.students (student_id, group_id, first_name, last_name) VALUES (161, 8, 'George', 'Thomas');
INSERT INTO school.students (student_id, group_id, first_name, last_name) VALUES (162, 8, 'Jacob', 'King');
INSERT INTO school.students (student_id, group_id, first_name, last_name) VALUES (163, 8, 'Lily', 'Turner');
INSERT INTO school.students (student_id, group_id, first_name, last_name) VALUES (164, 8, 'George', 'Green');
INSERT INTO school.students (student_id, group_id, first_name, last_name) VALUES (165, 8, 'Thomas', 'King');
INSERT INTO school.students (student_id, group_id, first_name, last_name) VALUES (166, 8, 'Mia', 'Morgan');
INSERT INTO school.students (student_id, group_id, first_name, last_name) VALUES (167, 8, 'Sophie', 'Thomas');
INSERT INTO school.students (student_id, group_id, first_name, last_name) VALUES (168, 8, 'Amelia', 'Anderson');
INSERT INTO school.students (student_id, group_id, first_name, last_name) VALUES (169, 8, 'Charlie', 'White');
INSERT INTO school.students (student_id, group_id, first_name, last_name) VALUES (170, 9, 'Charlie', 'Cooper');
INSERT INTO school.students (student_id, group_id, first_name, last_name) VALUES (171, 9, 'Jacob', 'Wood');
INSERT INTO school.students (student_id, group_id, first_name, last_name) VALUES (172, 9, 'Jacob', 'Thompson');
INSERT INTO school.students (student_id, group_id, first_name, last_name) VALUES (173, 9, 'Oscar', 'White');
INSERT INTO school.students (student_id, group_id, first_name, last_name) VALUES (174, 9, 'Thomas', 'White');
INSERT INTO school.students (student_id, group_id, first_name, last_name) VALUES (175, 9, 'Sophie', 'Walker');
INSERT INTO school.students (student_id, group_id, first_name, last_name) VALUES (176, 9, 'Ava', 'White');
INSERT INTO school.students (student_id, group_id, first_name, last_name) VALUES (177, 9, 'Ruby', 'Walker');
INSERT INTO school.students (student_id, group_id, first_name, last_name) VALUES (178, 9, 'Sophie', 'King');
INSERT INTO school.students (student_id, group_id, first_name, last_name) VALUES (179, 9, 'Jack', 'Hill');
INSERT INTO school.students (student_id, group_id, first_name, last_name) VALUES (180, 9, 'Jack', 'Wood');
INSERT INTO school.students (student_id, group_id, first_name, last_name) VALUES (181, 9, 'William', 'Anderson');
INSERT INTO school.students (student_id, group_id, first_name, last_name) VALUES (182, 9, 'Harry', 'Turner');
INSERT INTO school.students (student_id, group_id, first_name, last_name) VALUES (183, 9, 'Ava', 'Baker');
INSERT INTO school.students (student_id, group_id, first_name, last_name) VALUES (184, 9, 'Thomas', 'Wood');
INSERT INTO school.students (student_id, group_id, first_name, last_name) VALUES (185, 9, 'Lily', 'Thomas');
INSERT INTO school.students (student_id, group_id, first_name, last_name) VALUES (186, 10, 'Ava', 'Martin');
INSERT INTO school.students (student_id, group_id, first_name, last_name) VALUES (187, 10, 'Harry', 'Thomas');
INSERT INTO school.students (student_id, group_id, first_name, last_name) VALUES (188, 10, 'Thomas', 'Anderson');
INSERT INTO school.students (student_id, group_id, first_name, last_name) VALUES (189, 10, 'Jessica', 'Thomas');
INSERT INTO school.students (student_id, group_id, first_name, last_name) VALUES (190, 10, 'Isabella', 'Green');
INSERT INTO school.students (student_id, group_id, first_name, last_name) VALUES (191, 10, 'Olivia', 'Jackson');
INSERT INTO school.students (student_id, group_id, first_name, last_name) VALUES (192, 10, 'Jacob', 'Walker');
INSERT INTO school.students (student_id, group_id, first_name, last_name) VALUES (193, 10, 'Oscar', 'Harris');
INSERT INTO school.students (student_id, group_id, first_name, last_name) VALUES (194, 10, 'Olivia', 'Walker');
INSERT INTO school.students (student_id, group_id, first_name, last_name) VALUES (195, 10, 'Jessica', 'Phillips');
INSERT INTO school.students (student_id, group_id, first_name, last_name) VALUES (196, null, 'William', 'Phillips');
INSERT INTO school.students (student_id, group_id, first_name, last_name) VALUES (197, null, 'Amelia', 'Baker');
INSERT INTO school.students (student_id, group_id, first_name, last_name) VALUES (198, null, 'Jessica', 'Jackson');
INSERT INTO school.students (student_id, group_id, first_name, last_name) VALUES (199, null, 'Jacob', 'Anderson');
INSERT INTO school.students (student_id, group_id, first_name, last_name) VALUES (200, null, 'William', 'Anderson');

-- [ STUDENTS  <- TO ->  COURSES ]
INSERT INTO school.students_courses (student_id, course_id) VALUES (1, 4);
INSERT INTO school.students_courses (student_id, course_id) VALUES (2, 3);
INSERT INTO school.students_courses (student_id, course_id) VALUES (3, 9);
INSERT INTO school.students_courses (student_id, course_id) VALUES (3, 2);
INSERT INTO school.students_courses (student_id, course_id) VALUES (4, 8);
INSERT INTO school.students_courses (student_id, course_id) VALUES (4, 5);
INSERT INTO school.students_courses (student_id, course_id) VALUES (4, 6);
INSERT INTO school.students_courses (student_id, course_id) VALUES (5, 6);
INSERT INTO school.students_courses (student_id, course_id) VALUES (6, 8);
INSERT INTO school.students_courses (student_id, course_id) VALUES (6, 3);
INSERT INTO school.students_courses (student_id, course_id) VALUES (6, 6);
INSERT INTO school.students_courses (student_id, course_id) VALUES (7, 1);
INSERT INTO school.students_courses (student_id, course_id) VALUES (8, 7);
INSERT INTO school.students_courses (student_id, course_id) VALUES (9, 9);
INSERT INTO school.students_courses (student_id, course_id) VALUES (9, 5);
INSERT INTO school.students_courses (student_id, course_id) VALUES (9, 4);
INSERT INTO school.students_courses (student_id, course_id) VALUES (10, 10);
INSERT INTO school.students_courses (student_id, course_id) VALUES (11, 2);
INSERT INTO school.students_courses (student_id, course_id) VALUES (12, 5);
INSERT INTO school.students_courses (student_id, course_id) VALUES (13, 3);
INSERT INTO school.students_courses (student_id, course_id) VALUES (14, 2);
INSERT INTO school.students_courses (student_id, course_id) VALUES (15, 9);
INSERT INTO school.students_courses (student_id, course_id) VALUES (15, 2);
INSERT INTO school.students_courses (student_id, course_id) VALUES (15, 1);
INSERT INTO school.students_courses (student_id, course_id) VALUES (16, 8);
INSERT INTO school.students_courses (student_id, course_id) VALUES (16, 2);
INSERT INTO school.students_courses (student_id, course_id) VALUES (16, 4);
INSERT INTO school.students_courses (student_id, course_id) VALUES (17, 7);
INSERT INTO school.students_courses (student_id, course_id) VALUES (18, 8);
INSERT INTO school.students_courses (student_id, course_id) VALUES (18, 3);
INSERT INTO school.students_courses (student_id, course_id) VALUES (18, 5);
INSERT INTO school.students_courses (student_id, course_id) VALUES (19, 3);
INSERT INTO school.students_courses (student_id, course_id) VALUES (20, 4);
INSERT INTO school.students_courses (student_id, course_id) VALUES (21, 2);
INSERT INTO school.students_courses (student_id, course_id) VALUES (21, 6);
INSERT INTO school.students_courses (student_id, course_id) VALUES (21, 4);
INSERT INTO school.students_courses (student_id, course_id) VALUES (22, 6);
INSERT INTO school.students_courses (student_id, course_id) VALUES (22, 4);
INSERT INTO school.students_courses (student_id, course_id) VALUES (23, 2);
INSERT INTO school.students_courses (student_id, course_id) VALUES (24, 8);
INSERT INTO school.students_courses (student_id, course_id) VALUES (25, 10);
INSERT INTO school.students_courses (student_id, course_id) VALUES (25, 6);
INSERT INTO school.students_courses (student_id, course_id) VALUES (26, 2);
INSERT INTO school.students_courses (student_id, course_id) VALUES (27, 5);
INSERT INTO school.students_courses (student_id, course_id) VALUES (28, 10);
INSERT INTO school.students_courses (student_id, course_id) VALUES (29, 10);
INSERT INTO school.students_courses (student_id, course_id) VALUES (29, 8);
INSERT INTO school.students_courses (student_id, course_id) VALUES (29, 4);
INSERT INTO school.students_courses (student_id, course_id) VALUES (30, 9);
INSERT INTO school.students_courses (student_id, course_id) VALUES (30, 6);
INSERT INTO school.students_courses (student_id, course_id) VALUES (31, 9);
INSERT INTO school.students_courses (student_id, course_id) VALUES (32, 5);
INSERT INTO school.students_courses (student_id, course_id) VALUES (32, 4);
INSERT INTO school.students_courses (student_id, course_id) VALUES (33, 4);
INSERT INTO school.students_courses (student_id, course_id) VALUES (34, 3);
INSERT INTO school.students_courses (student_id, course_id) VALUES (34, 1);
INSERT INTO school.students_courses (student_id, course_id) VALUES (34, 4);
INSERT INTO school.students_courses (student_id, course_id) VALUES (35, 2);
INSERT INTO school.students_courses (student_id, course_id) VALUES (35, 4);
INSERT INTO school.students_courses (student_id, course_id) VALUES (36, 10);
INSERT INTO school.students_courses (student_id, course_id) VALUES (36, 9);
INSERT INTO school.students_courses (student_id, course_id) VALUES (36, 8);
INSERT INTO school.students_courses (student_id, course_id) VALUES (37, 2);
INSERT INTO school.students_courses (student_id, course_id) VALUES (37, 3);
INSERT INTO school.students_courses (student_id, course_id) VALUES (38, 2);
INSERT INTO school.students_courses (student_id, course_id) VALUES (38, 1);
INSERT INTO school.students_courses (student_id, course_id) VALUES (39, 10);
INSERT INTO school.students_courses (student_id, course_id) VALUES (39, 2);
INSERT INTO school.students_courses (student_id, course_id) VALUES (40, 4);
INSERT INTO school.students_courses (student_id, course_id) VALUES (41, 2);
INSERT INTO school.students_courses (student_id, course_id) VALUES (41, 3);
INSERT INTO school.students_courses (student_id, course_id) VALUES (42, 3);
INSERT INTO school.students_courses (student_id, course_id) VALUES (42, 4);
INSERT INTO school.students_courses (student_id, course_id) VALUES (43, 9);
INSERT INTO school.students_courses (student_id, course_id) VALUES (43, 2);
INSERT INTO school.students_courses (student_id, course_id) VALUES (43, 3);
INSERT INTO school.students_courses (student_id, course_id) VALUES (44, 2);
INSERT INTO school.students_courses (student_id, course_id) VALUES (44, 6);
INSERT INTO school.students_courses (student_id, course_id) VALUES (45, 9);
INSERT INTO school.students_courses (student_id, course_id) VALUES (45, 2);
INSERT INTO school.students_courses (student_id, course_id) VALUES (46, 8);
INSERT INTO school.students_courses (student_id, course_id) VALUES (47, 1);
INSERT INTO school.students_courses (student_id, course_id) VALUES (48, 2);
INSERT INTO school.students_courses (student_id, course_id) VALUES (48, 8);
INSERT INTO school.students_courses (student_id, course_id) VALUES (48, 3);
INSERT INTO school.students_courses (student_id, course_id) VALUES (49, 9);
INSERT INTO school.students_courses (student_id, course_id) VALUES (49, 1);
INSERT INTO school.students_courses (student_id, course_id) VALUES (49, 4);
INSERT INTO school.students_courses (student_id, course_id) VALUES (50, 7);
INSERT INTO school.students_courses (student_id, course_id) VALUES (51, 1);
INSERT INTO school.students_courses (student_id, course_id) VALUES (52, 4);
INSERT INTO school.students_courses (student_id, course_id) VALUES (53, 6);
INSERT INTO school.students_courses (student_id, course_id) VALUES (54, 3);
INSERT INTO school.students_courses (student_id, course_id) VALUES (54, 5);
INSERT INTO school.students_courses (student_id, course_id) VALUES (55, 2);
INSERT INTO school.students_courses (student_id, course_id) VALUES (55, 4);
INSERT INTO school.students_courses (student_id, course_id) VALUES (56, 7);
INSERT INTO school.students_courses (student_id, course_id) VALUES (57, 4);
INSERT INTO school.students_courses (student_id, course_id) VALUES (58, 9);
INSERT INTO school.students_courses (student_id, course_id) VALUES (58, 2);
INSERT INTO school.students_courses (student_id, course_id) VALUES (58, 6);
INSERT INTO school.students_courses (student_id, course_id) VALUES (59, 10);
INSERT INTO school.students_courses (student_id, course_id) VALUES (59, 6);
INSERT INTO school.students_courses (student_id, course_id) VALUES (60, 9);
INSERT INTO school.students_courses (student_id, course_id) VALUES (60, 7);
INSERT INTO school.students_courses (student_id, course_id) VALUES (60, 3);
INSERT INTO school.students_courses (student_id, course_id) VALUES (61, 7);
INSERT INTO school.students_courses (student_id, course_id) VALUES (61, 1);
INSERT INTO school.students_courses (student_id, course_id) VALUES (62, 2);
INSERT INTO school.students_courses (student_id, course_id) VALUES (62, 1);
INSERT INTO school.students_courses (student_id, course_id) VALUES (62, 4);
INSERT INTO school.students_courses (student_id, course_id) VALUES (63, 10);
INSERT INTO school.students_courses (student_id, course_id) VALUES (63, 7);
INSERT INTO school.students_courses (student_id, course_id) VALUES (64, 6);
INSERT INTO school.students_courses (student_id, course_id) VALUES (65, 10);
INSERT INTO school.students_courses (student_id, course_id) VALUES (65, 2);
INSERT INTO school.students_courses (student_id, course_id) VALUES (66, 10);
INSERT INTO school.students_courses (student_id, course_id) VALUES (66, 3);
INSERT INTO school.students_courses (student_id, course_id) VALUES (67, 9);
INSERT INTO school.students_courses (student_id, course_id) VALUES (68, 5);
INSERT INTO school.students_courses (student_id, course_id) VALUES (69, 3);
INSERT INTO school.students_courses (student_id, course_id) VALUES (70, 2);
INSERT INTO school.students_courses (student_id, course_id) VALUES (71, 8);
INSERT INTO school.students_courses (student_id, course_id) VALUES (71, 2);
INSERT INTO school.students_courses (student_id, course_id) VALUES (71, 6);
INSERT INTO school.students_courses (student_id, course_id) VALUES (72, 7);
INSERT INTO school.students_courses (student_id, course_id) VALUES (72, 2);
INSERT INTO school.students_courses (student_id, course_id) VALUES (73, 10);
INSERT INTO school.students_courses (student_id, course_id) VALUES (73, 6);
INSERT INTO school.students_courses (student_id, course_id) VALUES (73, 4);
INSERT INTO school.students_courses (student_id, course_id) VALUES (74, 7);
INSERT INTO school.students_courses (student_id, course_id) VALUES (74, 9);
INSERT INTO school.students_courses (student_id, course_id) VALUES (75, 1);
INSERT INTO school.students_courses (student_id, course_id) VALUES (76, 10);
INSERT INTO school.students_courses (student_id, course_id) VALUES (76, 1);
INSERT INTO school.students_courses (student_id, course_id) VALUES (77, 10);
INSERT INTO school.students_courses (student_id, course_id) VALUES (77, 6);
INSERT INTO school.students_courses (student_id, course_id) VALUES (78, 1);
INSERT INTO school.students_courses (student_id, course_id) VALUES (78, 4);
INSERT INTO school.students_courses (student_id, course_id) VALUES (79, 7);
INSERT INTO school.students_courses (student_id, course_id) VALUES (79, 3);
INSERT INTO school.students_courses (student_id, course_id) VALUES (80, 9);
INSERT INTO school.students_courses (student_id, course_id) VALUES (81, 1);
INSERT INTO school.students_courses (student_id, course_id) VALUES (82, 8);
INSERT INTO school.students_courses (student_id, course_id) VALUES (82, 5);
INSERT INTO school.students_courses (student_id, course_id) VALUES (83, 2);
INSERT INTO school.students_courses (student_id, course_id) VALUES (83, 6);
INSERT INTO school.students_courses (student_id, course_id) VALUES (84, 5);
INSERT INTO school.students_courses (student_id, course_id) VALUES (84, 6);
INSERT INTO school.students_courses (student_id, course_id) VALUES (85, 6);
INSERT INTO school.students_courses (student_id, course_id) VALUES (86, 2);
INSERT INTO school.students_courses (student_id, course_id) VALUES (86, 5);
INSERT INTO school.students_courses (student_id, course_id) VALUES (87, 10);
INSERT INTO school.students_courses (student_id, course_id) VALUES (87, 4);
INSERT INTO school.students_courses (student_id, course_id) VALUES (88, 8);
INSERT INTO school.students_courses (student_id, course_id) VALUES (88, 5);
INSERT INTO school.students_courses (student_id, course_id) VALUES (88, 6);
INSERT INTO school.students_courses (student_id, course_id) VALUES (89, 3);
INSERT INTO school.students_courses (student_id, course_id) VALUES (90, 3);
INSERT INTO school.students_courses (student_id, course_id) VALUES (91, 9);
INSERT INTO school.students_courses (student_id, course_id) VALUES (92, 7);
INSERT INTO school.students_courses (student_id, course_id) VALUES (92, 1);
INSERT INTO school.students_courses (student_id, course_id) VALUES (92, 4);
INSERT INTO school.students_courses (student_id, course_id) VALUES (93, 9);
INSERT INTO school.students_courses (student_id, course_id) VALUES (93, 8);
INSERT INTO school.students_courses (student_id, course_id) VALUES (94, 10);
INSERT INTO school.students_courses (student_id, course_id) VALUES (94, 7);
INSERT INTO school.students_courses (student_id, course_id) VALUES (95, 7);
INSERT INTO school.students_courses (student_id, course_id) VALUES (95, 2);
INSERT INTO school.students_courses (student_id, course_id) VALUES (96, 2);
INSERT INTO school.students_courses (student_id, course_id) VALUES (97, 2);
INSERT INTO school.students_courses (student_id, course_id) VALUES (97, 5);
INSERT INTO school.students_courses (student_id, course_id) VALUES (98, 8);
INSERT INTO school.students_courses (student_id, course_id) VALUES (98, 6);
INSERT INTO school.students_courses (student_id, course_id) VALUES (98, 4);
INSERT INTO school.students_courses (student_id, course_id) VALUES (99, 5);
INSERT INTO school.students_courses (student_id, course_id) VALUES (99, 4);
INSERT INTO school.students_courses (student_id, course_id) VALUES (100, 10);
INSERT INTO school.students_courses (student_id, course_id) VALUES (101, 3);
INSERT INTO school.students_courses (student_id, course_id) VALUES (101, 1);
INSERT INTO school.students_courses (student_id, course_id) VALUES (101, 5);
INSERT INTO school.students_courses (student_id, course_id) VALUES (102, 2);
INSERT INTO school.students_courses (student_id, course_id) VALUES (102, 3);
INSERT INTO school.students_courses (student_id, course_id) VALUES (102, 4);
INSERT INTO school.students_courses (student_id, course_id) VALUES (103, 2);
INSERT INTO school.students_courses (student_id, course_id) VALUES (103, 3);
INSERT INTO school.students_courses (student_id, course_id) VALUES (103, 5);
INSERT INTO school.students_courses (student_id, course_id) VALUES (104, 10);
INSERT INTO school.students_courses (student_id, course_id) VALUES (104, 3);
INSERT INTO school.students_courses (student_id, course_id) VALUES (104, 6);
INSERT INTO school.students_courses (student_id, course_id) VALUES (105, 4);
INSERT INTO school.students_courses (student_id, course_id) VALUES (106, 5);
INSERT INTO school.students_courses (student_id, course_id) VALUES (107, 2);
INSERT INTO school.students_courses (student_id, course_id) VALUES (107, 3);
INSERT INTO school.students_courses (student_id, course_id) VALUES (107, 4);
INSERT INTO school.students_courses (student_id, course_id) VALUES (108, 10);
INSERT INTO school.students_courses (student_id, course_id) VALUES (108, 1);
INSERT INTO school.students_courses (student_id, course_id) VALUES (109, 9);
INSERT INTO school.students_courses (student_id, course_id) VALUES (109, 3);
INSERT INTO school.students_courses (student_id, course_id) VALUES (110, 2);
INSERT INTO school.students_courses (student_id, course_id) VALUES (110, 3);
INSERT INTO school.students_courses (student_id, course_id) VALUES (111, 10);
INSERT INTO school.students_courses (student_id, course_id) VALUES (111, 7);
INSERT INTO school.students_courses (student_id, course_id) VALUES (111, 6);
INSERT INTO school.students_courses (student_id, course_id) VALUES (112, 8);
INSERT INTO school.students_courses (student_id, course_id) VALUES (113, 3);
INSERT INTO school.students_courses (student_id, course_id) VALUES (114, 1);
INSERT INTO school.students_courses (student_id, course_id) VALUES (115, 7);
INSERT INTO school.students_courses (student_id, course_id) VALUES (115, 8);
INSERT INTO school.students_courses (student_id, course_id) VALUES (115, 5);
INSERT INTO school.students_courses (student_id, course_id) VALUES (116, 9);
INSERT INTO school.students_courses (student_id, course_id) VALUES (116, 8);
INSERT INTO school.students_courses (student_id, course_id) VALUES (116, 1);
INSERT INTO school.students_courses (student_id, course_id) VALUES (117, 3);
INSERT INTO school.students_courses (student_id, course_id) VALUES (117, 1);
INSERT INTO school.students_courses (student_id, course_id) VALUES (118, 8);
INSERT INTO school.students_courses (student_id, course_id) VALUES (118, 2);
INSERT INTO school.students_courses (student_id, course_id) VALUES (119, 1);
INSERT INTO school.students_courses (student_id, course_id) VALUES (119, 5);
INSERT INTO school.students_courses (student_id, course_id) VALUES (120, 5);
INSERT INTO school.students_courses (student_id, course_id) VALUES (121, 10);
INSERT INTO school.students_courses (student_id, course_id) VALUES (121, 7);
INSERT INTO school.students_courses (student_id, course_id) VALUES (121, 1);
INSERT INTO school.students_courses (student_id, course_id) VALUES (122, 7);
INSERT INTO school.students_courses (student_id, course_id) VALUES (122, 8);
INSERT INTO school.students_courses (student_id, course_id) VALUES (122, 1);
INSERT INTO school.students_courses (student_id, course_id) VALUES (123, 8);
INSERT INTO school.students_courses (student_id, course_id) VALUES (123, 1);
INSERT INTO school.students_courses (student_id, course_id) VALUES (123, 4);
INSERT INTO school.students_courses (student_id, course_id) VALUES (124, 9);
INSERT INTO school.students_courses (student_id, course_id) VALUES (124, 2);
INSERT INTO school.students_courses (student_id, course_id) VALUES (125, 10);
INSERT INTO school.students_courses (student_id, course_id) VALUES (125, 8);
INSERT INTO school.students_courses (student_id, course_id) VALUES (125, 4);
INSERT INTO school.students_courses (student_id, course_id) VALUES (126, 7);
INSERT INTO school.students_courses (student_id, course_id) VALUES (126, 9);
INSERT INTO school.students_courses (student_id, course_id) VALUES (126, 6);
INSERT INTO school.students_courses (student_id, course_id) VALUES (127, 3);
INSERT INTO school.students_courses (student_id, course_id) VALUES (128, 9);
INSERT INTO school.students_courses (student_id, course_id) VALUES (128, 5);
INSERT INTO school.students_courses (student_id, course_id) VALUES (129, 8);
INSERT INTO school.students_courses (student_id, course_id) VALUES (129, 6);
INSERT INTO school.students_courses (student_id, course_id) VALUES (130, 10);
INSERT INTO school.students_courses (student_id, course_id) VALUES (130, 1);
INSERT INTO school.students_courses (student_id, course_id) VALUES (130, 4);
INSERT INTO school.students_courses (student_id, course_id) VALUES (131, 6);
INSERT INTO school.students_courses (student_id, course_id) VALUES (132, 1);
INSERT INTO school.students_courses (student_id, course_id) VALUES (133, 2);
INSERT INTO school.students_courses (student_id, course_id) VALUES (134, 7);
INSERT INTO school.students_courses (student_id, course_id) VALUES (135, 1);
INSERT INTO school.students_courses (student_id, course_id) VALUES (135, 4);
INSERT INTO school.students_courses (student_id, course_id) VALUES (136, 7);
INSERT INTO school.students_courses (student_id, course_id) VALUES (136, 8);
INSERT INTO school.students_courses (student_id, course_id) VALUES (137, 1);
INSERT INTO school.students_courses (student_id, course_id) VALUES (137, 5);
INSERT INTO school.students_courses (student_id, course_id) VALUES (138, 4);
INSERT INTO school.students_courses (student_id, course_id) VALUES (139, 8);
INSERT INTO school.students_courses (student_id, course_id) VALUES (139, 2);
INSERT INTO school.students_courses (student_id, course_id) VALUES (140, 1);
INSERT INTO school.students_courses (student_id, course_id) VALUES (141, 3);
INSERT INTO school.students_courses (student_id, course_id) VALUES (141, 6);
INSERT INTO school.students_courses (student_id, course_id) VALUES (142, 7);
INSERT INTO school.students_courses (student_id, course_id) VALUES (142, 8);
INSERT INTO school.students_courses (student_id, course_id) VALUES (143, 9);
INSERT INTO school.students_courses (student_id, course_id) VALUES (143, 8);
INSERT INTO school.students_courses (student_id, course_id) VALUES (143, 3);
INSERT INTO school.students_courses (student_id, course_id) VALUES (144, 9);
INSERT INTO school.students_courses (student_id, course_id) VALUES (144, 1);
INSERT INTO school.students_courses (student_id, course_id) VALUES (145, 2);
INSERT INTO school.students_courses (student_id, course_id) VALUES (145, 8);
INSERT INTO school.students_courses (student_id, course_id) VALUES (145, 6);
INSERT INTO school.students_courses (student_id, course_id) VALUES (146, 2);
INSERT INTO school.students_courses (student_id, course_id) VALUES (146, 1);
INSERT INTO school.students_courses (student_id, course_id) VALUES (146, 4);
INSERT INTO school.students_courses (student_id, course_id) VALUES (147, 2);
INSERT INTO school.students_courses (student_id, course_id) VALUES (147, 4);
INSERT INTO school.students_courses (student_id, course_id) VALUES (148, 4);
INSERT INTO school.students_courses (student_id, course_id) VALUES (149, 7);
INSERT INTO school.students_courses (student_id, course_id) VALUES (149, 3);
INSERT INTO school.students_courses (student_id, course_id) VALUES (150, 5);
INSERT INTO school.students_courses (student_id, course_id) VALUES (151, 2);
INSERT INTO school.students_courses (student_id, course_id) VALUES (151, 5);
INSERT INTO school.students_courses (student_id, course_id) VALUES (151, 6);
INSERT INTO school.students_courses (student_id, course_id) VALUES (152, 9);
INSERT INTO school.students_courses (student_id, course_id) VALUES (152, 3);
INSERT INTO school.students_courses (student_id, course_id) VALUES (152, 1);
INSERT INTO school.students_courses (student_id, course_id) VALUES (153, 5);
INSERT INTO school.students_courses (student_id, course_id) VALUES (153, 6);
INSERT INTO school.students_courses (student_id, course_id) VALUES (154, 7);
INSERT INTO school.students_courses (student_id, course_id) VALUES (154, 2);
INSERT INTO school.students_courses (student_id, course_id) VALUES (154, 3);
INSERT INTO school.students_courses (student_id, course_id) VALUES (155, 8);
INSERT INTO school.students_courses (student_id, course_id) VALUES (155, 3);
INSERT INTO school.students_courses (student_id, course_id) VALUES (155, 4);
INSERT INTO school.students_courses (student_id, course_id) VALUES (156, 8);
INSERT INTO school.students_courses (student_id, course_id) VALUES (157, 8);
INSERT INTO school.students_courses (student_id, course_id) VALUES (157, 3);
INSERT INTO school.students_courses (student_id, course_id) VALUES (158, 1);
INSERT INTO school.students_courses (student_id, course_id) VALUES (159, 6);
INSERT INTO school.students_courses (student_id, course_id) VALUES (160, 5);
INSERT INTO school.students_courses (student_id, course_id) VALUES (160, 6);
INSERT INTO school.students_courses (student_id, course_id) VALUES (160, 4);
INSERT INTO school.students_courses (student_id, course_id) VALUES (161, 4);
INSERT INTO school.students_courses (student_id, course_id) VALUES (162, 7);
INSERT INTO school.students_courses (student_id, course_id) VALUES (162, 6);
INSERT INTO school.students_courses (student_id, course_id) VALUES (163, 6);
INSERT INTO school.students_courses (student_id, course_id) VALUES (164, 2);
INSERT INTO school.students_courses (student_id, course_id) VALUES (164, 1);
INSERT INTO school.students_courses (student_id, course_id) VALUES (165, 10);
INSERT INTO school.students_courses (student_id, course_id) VALUES (165, 9);
INSERT INTO school.students_courses (student_id, course_id) VALUES (165, 1);
INSERT INTO school.students_courses (student_id, course_id) VALUES (166, 7);
INSERT INTO school.students_courses (student_id, course_id) VALUES (167, 3);
INSERT INTO school.students_courses (student_id, course_id) VALUES (168, 4);
INSERT INTO school.students_courses (student_id, course_id) VALUES (169, 6);
INSERT INTO school.students_courses (student_id, course_id) VALUES (169, 4);
INSERT INTO school.students_courses (student_id, course_id) VALUES (170, 6);
INSERT INTO school.students_courses (student_id, course_id) VALUES (170, 4);
INSERT INTO school.students_courses (student_id, course_id) VALUES (171, 9);
INSERT INTO school.students_courses (student_id, course_id) VALUES (171, 1);
INSERT INTO school.students_courses (student_id, course_id) VALUES (171, 4);
INSERT INTO school.students_courses (student_id, course_id) VALUES (172, 8);
INSERT INTO school.students_courses (student_id, course_id) VALUES (172, 1);
INSERT INTO school.students_courses (student_id, course_id) VALUES (173, 2);
INSERT INTO school.students_courses (student_id, course_id) VALUES (174, 10);
INSERT INTO school.students_courses (student_id, course_id) VALUES (174, 1);
INSERT INTO school.students_courses (student_id, course_id) VALUES (174, 5);
INSERT INTO school.students_courses (student_id, course_id) VALUES (175, 8);
INSERT INTO school.students_courses (student_id, course_id) VALUES (175, 3);
INSERT INTO school.students_courses (student_id, course_id) VALUES (175, 5);
INSERT INTO school.students_courses (student_id, course_id) VALUES (176, 9);
INSERT INTO school.students_courses (student_id, course_id) VALUES (176, 1);
INSERT INTO school.students_courses (student_id, course_id) VALUES (176, 6);
INSERT INTO school.students_courses (student_id, course_id) VALUES (177, 10);
INSERT INTO school.students_courses (student_id, course_id) VALUES (177, 8);
INSERT INTO school.students_courses (student_id, course_id) VALUES (177, 1);
INSERT INTO school.students_courses (student_id, course_id) VALUES (178, 10);
INSERT INTO school.students_courses (student_id, course_id) VALUES (178, 9);
INSERT INTO school.students_courses (student_id, course_id) VALUES (178, 8);
INSERT INTO school.students_courses (student_id, course_id) VALUES (179, 8);
INSERT INTO school.students_courses (student_id, course_id) VALUES (180, 10);
INSERT INTO school.students_courses (student_id, course_id) VALUES (180, 9);
INSERT INTO school.students_courses (student_id, course_id) VALUES (180, 3);
INSERT INTO school.students_courses (student_id, course_id) VALUES (181, 8);
INSERT INTO school.students_courses (student_id, course_id) VALUES (181, 3);
INSERT INTO school.students_courses (student_id, course_id) VALUES (181, 5);
INSERT INTO school.students_courses (student_id, course_id) VALUES (182, 10);
INSERT INTO school.students_courses (student_id, course_id) VALUES (182, 3);
INSERT INTO school.students_courses (student_id, course_id) VALUES (183, 3);
INSERT INTO school.students_courses (student_id, course_id) VALUES (183, 1);
INSERT INTO school.students_courses (student_id, course_id) VALUES (183, 6);
INSERT INTO school.students_courses (student_id, course_id) VALUES (184, 1);
INSERT INTO school.students_courses (student_id, course_id) VALUES (184, 4);
INSERT INTO school.students_courses (student_id, course_id) VALUES (185, 7);
INSERT INTO school.students_courses (student_id, course_id) VALUES (186, 7);
INSERT INTO school.students_courses (student_id, course_id) VALUES (186, 2);
INSERT INTO school.students_courses (student_id, course_id) VALUES (186, 3);
INSERT INTO school.students_courses (student_id, course_id) VALUES (187, 8);
INSERT INTO school.students_courses (student_id, course_id) VALUES (187, 1);
INSERT INTO school.students_courses (student_id, course_id) VALUES (188, 9);
INSERT INTO school.students_courses (student_id, course_id) VALUES (189, 2);
INSERT INTO school.students_courses (student_id, course_id) VALUES (189, 8);
INSERT INTO school.students_courses (student_id, course_id) VALUES (190, 10);
INSERT INTO school.students_courses (student_id, course_id) VALUES (191, 2);
INSERT INTO school.students_courses (student_id, course_id) VALUES (191, 6);
INSERT INTO school.students_courses (student_id, course_id) VALUES (191, 4);
INSERT INTO school.students_courses (student_id, course_id) VALUES (192, 2);
INSERT INTO school.students_courses (student_id, course_id) VALUES (192, 3);
INSERT INTO school.students_courses (student_id, course_id) VALUES (193, 7);
INSERT INTO school.students_courses (student_id, course_id) VALUES (193, 2);
INSERT INTO school.students_courses (student_id, course_id) VALUES (194, 7);
INSERT INTO school.students_courses (student_id, course_id) VALUES (194, 1);
INSERT INTO school.students_courses (student_id, course_id) VALUES (194, 5);
INSERT INTO school.students_courses (student_id, course_id) VALUES (195, 9);
INSERT INTO school.students_courses (student_id, course_id) VALUES (195, 8);
INSERT INTO school.students_courses (student_id, course_id) VALUES (195, 4);
INSERT INTO school.students_courses (student_id, course_id) VALUES (196, 5);
INSERT INTO school.students_courses (student_id, course_id) VALUES (196, 6);
INSERT INTO school.students_courses (student_id, course_id) VALUES (197, 8);
INSERT INTO school.students_courses (student_id, course_id) VALUES (197, 6);
INSERT INTO school.students_courses (student_id, course_id) VALUES (197, 4);
INSERT INTO school.students_courses (student_id, course_id) VALUES (198, 6);
INSERT INTO school.students_courses (student_id, course_id) VALUES (199, 7);
INSERT INTO school.students_courses (student_id, course_id) VALUES (199, 1);
INSERT INTO school.students_courses (student_id, course_id) VALUES (200, 10);
INSERT INTO school.students_courses (student_id, course_id) VALUES (200, 7);
INSERT INTO school.students_courses (student_id, course_id) VALUES (200, 6);