-- [ STUDENTS ]
INSERT INTO school.students (student_id, first_name, last_name, group_id) VALUES (167, 'Sophie', 'Thomas', 1);
INSERT INTO school.students (student_id, first_name, last_name, group_id) VALUES (168, 'James', 'Wood', 1);
INSERT INTO school.students (student_id, first_name, last_name, group_id) VALUES (162, 'Mia', 'Lewis', 1);
INSERT INTO school.students (student_id, first_name, last_name, group_id) VALUES (170, 'Jack', 'King', 1);
INSERT INTO school.students (student_id, first_name, last_name, group_id) VALUES (171, 'Mia', 'White', 2);
INSERT INTO school.students (student_id, first_name, last_name, group_id) VALUES (172, 'Thomas', 'Thomas', 2);
INSERT INTO school.students (student_id, first_name, last_name, group_id) VALUES (173, 'Emily', 'Walker', 2);
INSERT INTO school.students (student_id, first_name, last_name, group_id) VALUES (174, 'Oscar', 'Baker', 3);
INSERT INTO school.students (student_id, first_name, last_name, group_id) VALUES (175, 'Olivia', 'Thompson', 3);
INSERT INTO school.students (student_id, first_name, last_name, group_id) VALUES (176, 'Charlie', 'Walker', 3);
INSERT INTO school.students (student_id, first_name, last_name, group_id) VALUES (177, 'Sophie', 'Jackson', 2);
INSERT INTO school.students (student_id, first_name, last_name, group_id) VALUES (178, 'Mia', 'Green', 3);
INSERT INTO school.students (student_id, first_name, last_name, group_id) VALUES (172, 'Amelia', 'Phillips', 5);
INSERT INTO school.students (student_id, first_name, last_name, group_id) VALUES (180, 'Oscar', 'Morgan', null);
INSERT INTO school.students (student_id, first_name, last_name, group_id) VALUES (181, 'Amelia', 'Jackson', 7);
INSERT INTO school.students (student_id, first_name, last_name, group_id) VALUES (182, 'Ruby', 'White', 7);
INSERT INTO school.students (student_id, first_name, last_name, group_id) VALUES (183, 'Jessica', 'Green', 7);
INSERT INTO school.students (student_id, first_name, last_name, group_id) VALUES (184, 'Thomas', 'Edwards', 8);
INSERT INTO school.students (student_id, first_name, last_name, group_id) VALUES (185, 'Charlie', 'Hill', 8);
INSERT INTO school.students (student_id, first_name, last_name, group_id) VALUES (186, 'Sophie', 'Martin', 8);
INSERT INTO school.students (student_id, first_name, last_name, group_id) VALUES (187, 'Ruby', 'Turner', 8);
INSERT INTO school.students (student_id, first_name, last_name, group_id) VALUES (188, 'James', 'Green', 9);
INSERT INTO school.students (student_id, first_name, last_name, group_id) VALUES (182, 'Jessica', 'Edwards', 9);
INSERT INTO school.students (student_id, first_name, last_name, group_id) VALUES (120, 'Isabella', 'Green', 9);
INSERT INTO school.students (student_id, first_name, last_name, group_id) VALUES (121, 'Mia', 'Thompson', 9);
INSERT INTO school.students (student_id, first_name, last_name, group_id) VALUES (122, 'Sophie', 'Phillips', 9);
INSERT INTO school.students (student_id, first_name, last_name, group_id) VALUES (123, 'Olivia', 'White', 9);
INSERT INTO school.students (student_id, first_name, last_name, group_id) VALUES (124, 'Sophie', 'Anderson', 10);
INSERT INTO school.students (student_id, first_name, last_name, group_id) VALUES (125, 'Oscar', 'Green', 10);
INSERT INTO school.students (student_id, first_name, last_name, group_id) VALUES (126, 'Lily', 'Jackson', 10);
INSERT INTO school.students (student_id, first_name, last_name, group_id) VALUES (127, 'Harry', 'Green', 10);
INSERT INTO school.students (student_id, first_name, last_name, group_id) VALUES (128, 'Oscar', 'Harris', 10);
INSERT INTO school.students (student_id, first_name, last_name, group_id) VALUES (122, 'Thomas', 'Phillips', null);
INSERT INTO school.students (student_id, first_name, last_name, group_id) VALUES (200, 'Mia', 'Wood', null);

-- [ GROUPS ]
INSERT INTO school.groups (group_id, group_name) VALUES (1, 'ZS-95');
INSERT INTO school.groups (group_id, group_name) VALUES (2, 'LO-35');
INSERT INTO school.groups (group_id, group_name) VALUES (3, 'HD-91');
INSERT INTO school.groups (group_id, group_name) VALUES (4, 'CZ-73');
INSERT INTO school.groups (group_id, group_name) VALUES (5, 'TT-53');
INSERT INTO school.groups (group_id, group_name) VALUES (6, 'DP-91');
INSERT INTO school.groups (group_id, group_name) VALUES (7, 'QT-55');
INSERT INTO school.groups (group_id, group_name) VALUES (8, 'KR-99');
INSERT INTO school.groups (group_id, group_name) VALUES (9, 'KF-17');
INSERT INTO school.groups (group_id, group_name) VALUES (10, 'CW-27');

-- [ COURSES ]
INSERT INTO school.courses (course_id, course_description, course_name) VALUES (1, 'Subject Computer science', 'Computer science');
INSERT INTO school.courses (course_id, course_description, course_name) VALUES (2, 'Subject Economics', 'Economics');
INSERT INTO school.courses (course_id, course_description, course_name) VALUES (3, 'Subject Chemistry', 'Chemistry');
INSERT INTO school.courses (course_id, course_description, course_name) VALUES (4, 'Subject Literature', 'Literature');
INSERT INTO school.courses (course_id, course_description, course_name) VALUES (5, 'Subject Music', 'Music');
INSERT INTO school.courses (course_id, course_description, course_name) VALUES (6, 'Subject Botany', 'Botany');
INSERT INTO school.courses (course_id, course_description, course_name) VALUES (7, 'Subject Biology', 'Biology');
INSERT INTO school.courses (course_id, course_description, course_name) VALUES (8, 'Subject Math', 'Math');
INSERT INTO school.courses (course_id, course_description, course_name) VALUES (9, 'Subject History', 'History');
INSERT INTO school.courses (course_id, course_description, course_name) VALUES (10, 'Subject Astronomy', 'Astronomy');

-- [ STUDENTS  <- TO ->  COURSES ]
INSERT INTO school.students_courses (student_id, course_id) VALUES (200, 7);
INSERT INTO school.students_courses (student_id, course_id) VALUES (200, 4);
INSERT INTO school.students_courses (student_id, course_id) VALUES (200, 8);
INSERT INTO school.students_courses (student_id, course_id) VALUES (199, 4);
INSERT INTO school.students_courses (student_id, course_id) VALUES (199, 5);
INSERT INTO school.students_courses (student_id, course_id) VALUES (199, 10);
INSERT INTO school.students_courses (student_id, course_id) VALUES (198, 1);
INSERT INTO school.students_courses (student_id, course_id) VALUES (197, 2);
INSERT INTO school.students_courses (student_id, course_id) VALUES (197, 1);
INSERT INTO school.students_courses (student_id, course_id) VALUES (197, 9);
INSERT INTO school.students_courses (student_id, course_id) VALUES (196, 3);
INSERT INTO school.students_courses (student_id, course_id) VALUES (196, 2);
INSERT INTO school.students_courses (student_id, course_id) VALUES (195, 1);
INSERT INTO school.students_courses (student_id, course_id) VALUES (195, 4);
INSERT INTO school.students_courses (student_id, course_id) VALUES (194, 9);
INSERT INTO school.students_courses (student_id, course_id) VALUES (193, 4);
INSERT INTO school.students_courses (student_id, course_id) VALUES (193, 2);
INSERT INTO school.students_courses (student_id, course_id) VALUES (192, 1);
INSERT INTO school.students_courses (student_id, course_id) VALUES (192, 2);
INSERT INTO school.students_courses (student_id, course_id) VALUES (191, 7);
INSERT INTO school.students_courses (student_id, course_id) VALUES (191, 1);
INSERT INTO school.students_courses (student_id, course_id) VALUES (191, 9);
INSERT INTO school.students_courses (student_id, course_id) VALUES (190, 2);
INSERT INTO school.students_courses (student_id, course_id) VALUES (190, 10);
INSERT INTO school.students_courses (student_id, course_id) VALUES (189, 1);
INSERT INTO school.students_courses (student_id, course_id) VALUES (189, 5);
INSERT INTO school.students_courses (student_id, course_id) VALUES (189, 10);
INSERT INTO school.students_courses (student_id, course_id) VALUES (188, 9);
INSERT INTO school.students_courses (student_id, course_id) VALUES (188, 7);
INSERT INTO school.students_courses (student_id, course_id) VALUES (187, 8);
INSERT INTO school.students_courses (student_id, course_id) VALUES (187, 9);
INSERT INTO school.students_courses (student_id, course_id) VALUES (186, 3);
INSERT INTO school.students_courses (student_id, course_id) VALUES (186, 5);
INSERT INTO school.students_courses (student_id, course_id) VALUES (186, 9);
INSERT INTO school.students_courses (student_id, course_id) VALUES (185, 1);
INSERT INTO school.students_courses (student_id, course_id) VALUES (185, 9);
INSERT INTO school.students_courses (student_id, course_id) VALUES (184, 10);
INSERT INTO school.students_courses (student_id, course_id) VALUES (184, 8);
INSERT INTO school.students_courses (student_id, course_id) VALUES (184, 3);
INSERT INTO school.students_courses (student_id, course_id) VALUES (183, 5);
INSERT INTO school.students_courses (student_id, course_id) VALUES (183, 2);
INSERT INTO school.students_courses (student_id, course_id) VALUES (182, 6);
INSERT INTO school.students_courses (student_id, course_id) VALUES (182, 3);
INSERT INTO school.students_courses (student_id, course_id) VALUES (182, 2);
INSERT INTO school.students_courses (student_id, course_id) VALUES (181, 7);
INSERT INTO school.students_courses (student_id, course_id) VALUES (180, 8);
INSERT INTO school.students_courses (student_id, course_id) VALUES (180, 3);
INSERT INTO school.students_courses (student_id, course_id) VALUES (179, 2);
INSERT INTO school.students_courses (student_id, course_id) VALUES (178, 8);
INSERT INTO school.students_courses (student_id, course_id) VALUES (178, 5);
INSERT INTO school.students_courses (student_id, course_id) VALUES (178, 10);
INSERT INTO school.students_courses (student_id, course_id) VALUES (177, 5);
INSERT INTO school.students_courses (student_id, course_id) VALUES (177, 6);
INSERT INTO school.students_courses (student_id, course_id) VALUES (177, 2);
INSERT INTO school.students_courses (student_id, course_id) VALUES (176, 6);
INSERT INTO school.students_courses (student_id, course_id) VALUES (176, 4);
INSERT INTO school.students_courses (student_id, course_id) VALUES (176, 2);
INSERT INTO school.students_courses (student_id, course_id) VALUES (175, 6);
INSERT INTO school.students_courses (student_id, course_id) VALUES (175, 2);
INSERT INTO school.students_courses (student_id, course_id) VALUES (175, 10);
INSERT INTO school.students_courses (student_id, course_id) VALUES (174, 8);
INSERT INTO school.students_courses (student_id, course_id) VALUES (173, 3);
INSERT INTO school.students_courses (student_id, course_id) VALUES (172, 1);
INSERT INTO school.students_courses (student_id, course_id) VALUES (172, 7);
INSERT INTO school.students_courses (student_id, course_id) VALUES (172, 10);
INSERT INTO school.students_courses (student_id, course_id) VALUES (171, 7);
INSERT INTO school.students_courses (student_id, course_id) VALUES (171, 2);
INSERT INTO school.students_courses (student_id, course_id) VALUES (170, 3);
INSERT INTO school.students_courses (student_id, course_id) VALUES (170, 6);
INSERT INTO school.students_courses (student_id, course_id) VALUES (170, 7);
INSERT INTO school.students_courses (student_id, course_id) VALUES (169, 8);
INSERT INTO school.students_courses (student_id, course_id) VALUES (169, 9);
INSERT INTO school.students_courses (student_id, course_id) VALUES (168, 9);
INSERT INTO school.students_courses (student_id, course_id) VALUES (168, 1);
INSERT INTO school.students_courses (student_id, course_id) VALUES (168, 10);
INSERT INTO school.students_courses (student_id, course_id) VALUES (167, 2);
INSERT INTO school.students_courses (student_id, course_id) VALUES (167, 9);
INSERT INTO school.students_courses (student_id, course_id) VALUES (167, 8);
